<?xml version="1.0" encoding="UTF-8"?>
<project-private xmlns="http://www.netbeans.org/ns/project-private/1">
    <editor-bookmarks xmlns="http://www.netbeans.org/ns/editor-bookmarks/2" lastBookmarkId="0"/>
    <open-files xmlns="http://www.netbeans.org/ns/projectui-open-files/1">
        <file>file:/C:/projects/Patterns/2-FactoryMethod/src/patternsdemo/factorymethod/Car.java</file>
        <file>file:/C:/projects/Patterns/2-FactoryMethod/src/patternsdemo/factorymethod/Geep.java</file>
        <file>file:/C:/projects/Patterns/2-FactoryMethod/src/patternsdemo/factorymethod/Porsche.java</file>
        <file>file:/C:/projects/Patterns/2-FactoryMethod/src/patternsdemo/factorymethod/NewGeep.java</file>
        <file>file:/C:/projects/Patterns/2-FactoryMethod/src/patternsdemo/factorymethod/Start.java</file>
        <file>file:/C:/projects/Patterns/2-FactoryMethod/src/patternsdemo/factorymethod/CarSelector.java</file>
    </open-files>
</project-private>
