<?xml version="1.0" encoding="UTF-8"?>
<beans xmlns="http://www.springframework.org/schema/beans"
	xmlns:xsi="http://www.w3.org/2001/XMLSchema-instance" xmlns:aop="http://www.springframework.org/schema/aop"
	xmlns:context="http://www.springframework.org/schema/context"
	xsi:schemaLocation="http://www.springframework.org/schema/aop http://www.springframework.org/schema/aop/spring-aop-4.0.xsd
		http://www.springframework.org/schema/beans http://www.springframework.org/schema/beans/spring-beans.xsd
			http://www.springframework.org/schema/context http://www.springframework.org/schema/context/spring-context-4.0.xsd">

	<context:component-scan base-package="ru.javabegin.training.spring.*" />

	<aop:config>
		<aop:aspect id="log" ref="myLogger">
		<aop:pointcut expression="execution(public * *(..))" id="allMethods"/>
			<aop:around pointcut-ref="allMethods" method="watchTime" />
			<aop:after-returning pointcut-ref="allMethods" returning="obj" method="print" />
		</aop:aspect>
	</aop:config>


</beans>
