<?xml version="1.0"?>
<!DOCTYPE hibernate-mapping PUBLIC "-//Hibernate/Hibernate Mapping DTD 3.0//EN"
"http://hibernate.sourceforge.net/hibernate-mapping-3.0.dtd">
<!-- Generated Feb 2, 2013 10:44:23 PM by Hibernate Tools 3.2.1.GA -->
<hibernate-mapping>
    <class name="ru.javabegin.training.web.entity.Genre" table="genre" catalog="library">
        <id name="id" type="java.lang.Long">
            <column name="id" />
            <generator class="identity" />
        </id>
        <property name="name" type="string">
            <column name="name" length="100" not-null="true" />
        </property>
        <set name="books" inverse="true">
            <key>
                <column name="genre_id" not-null="true" />
            </key>
            <one-to-many class="ru.javabegin.training.web.entity.Book" />
        </set>
    </class>
</hibernate-mapping>
