<?xml version="1.0" encoding="UTF-8"?>
<project-private xmlns="http://www.netbeans.org/ns/project-private/1">
    <editor-bookmarks xmlns="http://www.netbeans.org/ns/editor-bookmarks/2" lastBookmarkId="0"/>
    <open-files xmlns="http://www.netbeans.org/ns/projectui-open-files/1">
        <file>file:/C:/projects/Web/Library_5/web/pages/main.jsp</file>
        <file>file:/C:/projects/Web/Library_5/web/index.jsp</file>
        <file>file:/C:/projects/Web/Library_5/web/WEB-INF/jspf/header.jspf</file>
        <file>file:/C:/projects/Web/Library_5/web/WEB-INF/jspf/footer.jspf</file>
        <file>file:/C:/projects/Web/Library_5/web/WEB-INF/web.xml</file>
        <file>file:/C:/projects/Web/Library_5/web/WEB-INF/jspf/left_menu.jspf</file>
        <file>file:/C:/projects/Web/Library_5/web/pages/books.jsp</file>
        <file>file:/C:/projects/Web/Library_5/src/java/ru/javabegin/training/web/beans/Genre.java</file>
        <file>file:/C:/projects/Web/Library_5/src/java/ru/javabegin/training/web/beans/Book.java</file>
        <file>file:/C:/projects/Web/Library_5/src/java/ru/javabegin/training/web/beans/Author.java</file>
        <file>file:/C:/projects/Web/Library_5/src/java/ru/javabegin/training/web/beans/BookList.java</file>
    </open-files>
</project-private>
