<?xml version="1.0" encoding="UTF-8"?>
<project-private xmlns="http://www.netbeans.org/ns/project-private/1">
    <editor-bookmarks xmlns="http://www.netbeans.org/ns/editor-bookmarks/2" lastBookmarkId="0"/>
    <open-files xmlns="http://www.netbeans.org/ns/projectui-open-files/1">
        <file>file:/C:/projects/Web/Library_8/web/pages/books.jsp</file>
        <file>file:/C:/projects/Web/Library_8/web/WEB-INF/jspf/left_menu.jspf</file>
        <file>file:/C:/projects/Web/Library_8/web/WEB-INF/jspf/letters.jspf</file>
        <file>file:/C:/projects/Web/Library_8/web/WEB-INF/jspf/header.jspf</file>
    </open-files>
</project-private>
