<?xml version="1.0" encoding="UTF-8"?><!--
        *** GENERATED FROM jax-ws.xml - DO NOT EDIT !                             ***
        *** TO MODIFY wsimport options USE Web Service node -> Edit WS Attributes ***
        *** TO CHANGE TARGETS GENERATED TO jaxws-build.xml COPY THOSE             ***
        *** TARGETS TO ../build.xml AND MODIFY THAT FILE INSTEAD                  ***

        --><project xmlns:xalan="http://xml.apache.org/xslt" xmlns:j2seproject3="http://www.netbeans.org/ns/j2se-project/3" xmlns:jaxws="http://www.netbeans.org/ns/jax-ws/1">
    <!--
                ===================
                JAX-WS WSIMPORT SECTION
                ===================
            -->
    <target name="wsimport-init" depends="init">
        <mkdir dir="${build.generated.sources.dir}/jax-ws"/>
        <taskdef name="wsimport" classname="com.sun.tools.ws.ant.WsImport">
            <classpath path="${libs.jaxws21.classpath}"/>
        </taskdef>
    </target>
    <target name="wsimport-client-FlightWSService" depends="wsimport-init">
        <mkdir dir="${build.generated.dir}/jax-wsCache/FlightWSService"/>
        <property name="wsdl-FlightWSService" location="xml-resources/web-service-references/FlightWSService/wsdl/localhost_8080/Flights_WS/FlightWSService.wsdl"/>
        <wsimport sourcedestdir="${build.generated.dir}/jax-wsCache/FlightWSService" destdir="${build.generated.dir}/jax-wsCache/FlightWSService" wsdl="${wsdl-FlightWSService}" catalog="catalog.xml" encoding="${source.encoding}" extension="true" verbose="true" wsdlLocation="http://localhost:8080/Flights_WS/FlightWSService?WSDL" xnocompile="true" xendorsed="true" package="ru.javabegin.training.flight.ws">
            <depends file="${wsdl-FlightWSService}"/>
            <produces dir="${build.generated.dir}/jax-wsCache/FlightWSService"/>
        </wsimport>
        <copy todir="${build.generated.sources.dir}/jax-ws">
            <fileset dir="${build.generated.dir}/jax-wsCache/FlightWSService">
                <include name="**/*.java"/>
            </fileset>
        </copy>
    </target>
    <target name="wsimport-client-clean-FlightWSService" depends="-init-project">
        <delete dir="${build.generated.dir}/jax-wsCache/FlightWSService"/>
        <delete dir="${build.generated.sources.dir}/jax-ws/ru/javabegin/training/flight/ws"/>
    </target>
    <target name="wsimport-client-generate" depends="wsimport-client-FlightWSService"/>
</project>
