<?xml version="1.0" encoding="UTF-8"?>
<project-private xmlns="http://www.netbeans.org/ns/project-private/1">
    <editor-bookmarks xmlns="http://www.netbeans.org/ns/editor-bookmarks/1"/>
    <open-files xmlns="http://www.netbeans.org/ns/projectui-open-files/1">
        <file>file:/C:/projects/1_OOP/7-OOP_Polymorphism/src/objects/Monitor.java</file>
        <file>file:/C:/projects/1_OOP/7-OOP_Polymorphism/src/asus/AsusModel1.java</file>
        <file>file:/C:/projects/1_OOP/7-OOP_Polymorphism/src/objects/Computer.java</file>
        <file>file:/C:/projects/1_OOP/7-OOP_Polymorphism/src/objects/Notebook.java</file>
        <file>file:/C:/projects/1_OOP/7-OOP_Polymorphism/src/asus/Asus.java</file>
        <file>file:/C:/projects/1_OOP/7-OOP_Polymorphism/src/asus/AsusModel2.java</file>
        <file>file:/C:/projects/1_OOP/7-OOP_Polymorphism/src/toshiba/ToshibaModel1.java</file>
        <file>file:/C:/projects/1_OOP/7-OOP_Polymorphism/src/toshiba/ToshibaModel2.java</file>
        <file>file:/C:/projects/1_OOP/7-OOP_Polymorphism/src/main/StartProgram.java</file>
    </open-files>
</project-private>
