<?xml version="1.0" encoding="UTF-8"?>
<project-private xmlns="http://www.netbeans.org/ns/project-private/1">
    <editor-bookmarks xmlns="http://www.netbeans.org/ns/editor-bookmarks/1"/>
    <open-files xmlns="http://www.netbeans.org/ns/projectui-open-files/1">
        <file>file:/C:/projects/2_GUI/3-GUI_LayoutManagers/src/gui/TestGUI.java</file>
        <file>file:/C:/projects/2_GUI/3-GUI_LayoutManagers/src/gui/MyJTextField.java</file>
        <file>file:/C:/projects/2_GUI/3-GUI_LayoutManagers/src/gui/MyJFrame.java</file>
        <file>file:/C:/projects/2_GUI/3-GUI_LayoutManagers/src/gui/MyJDialog.java</file>
    </open-files>
</project-private>
