<?xml version="1.0" encoding="UTF-8" standalone="no"?>
<catalog xmlns="urn:oasis:names:tc:entity:xmlns:xml:catalog" prefer="system">
    <system systemId="http://localhost:8080/Flights7/FlightService?WSDL" uri="xml-resources/web-service-references/FlightService/wsdl/localhost_8080/Flights7/FlightService.wsdl"/>
    <system systemId="http://localhost:8080/Flights7/FlightService?xsd=1" uri="xml-resources/web-service-references/FlightService/wsdl/localhost_8080/Flights7/FlightService.xsd_1.xsd"/>
    <system systemId="http://localhost:8080/Flights6/FlightService?WSDL" uri="xml-resources/web-service-references/FlightService/wsdl/localhost_8080/Flights6/FlightService.wsdl"/>
    <system systemId="http://localhost:8080/Flights6/FlightService?xsd=1" uri="xml-resources/web-service-references/FlightService/wsdl/localhost_8080/Flights6/FlightService.xsd_1.xsd"/>
    <system systemId="http://localhost:8080/Flights7/SearchService?WSDL" uri="xml-resources/web-service-references/SearchService/wsdl/localhost_8080/Flights7/SearchService.wsdl"/>
    <system systemId="http://localhost:8080/Flights7/SearchService?xsd=1" uri="xml-resources/web-service-references/SearchService/wsdl/localhost_8080/Flights7/SearchService.xsd_1.xsd"/>
    <system systemId="http://localhost:8080/Flights7/SearchWS?WSDL" uri="wsdl/localhost_8080/Flights7/SearchWS.wsdl"/>
    <system systemId="http://localhost:8080/Flights7/SearchWS?xsd=1" uri="wsdl/localhost_8080/Flights7/SearchWS.xsd_1.xsd"/>
    <system systemId="http://localhost:8080/Flights_common/SearchWS?WSDL" uri="wsdl/localhost_8080/Flights_common/SearchWS.wsdl"/>
    <system systemId="http://localhost:8080/Flights_common/SearchWS?xsd=1" uri="wsdl/localhost_8080/Flights_common/SearchWS.xsd_1.xsd"/>
    <system systemId="http://localhost:8080/Flights_WS/SearchWS?WSDL" uri="wsdl/localhost_8080/Flights_WS/SearchWS.wsdl"/>
    <system systemId="http://localhost:8080/Flights_WS/SearchWS?xsd=1" uri="wsdl/localhost_8080/Flights_WS/SearchWS.xsd_1.xsd"/>
</catalog>