<?xml version="1.0" encoding="UTF-8"?>
<beans xmlns="http://www.springframework.org/schema/beans"
	xmlns:xsi="http://www.w3.org/2001/XMLSchema-instance"
	xsi:schemaLocation="http://www.springframework.org/schema/beans http://www.springframework.org/schema/beans/spring-beans.xsd"
	default-lazy-init="true"

	>


	<bean class="ru.javabegin.training.spring.impls.sony.SonyHead">
		<property name="color" value="golden"/>
		<qualifier value="sonyGoldenHead"></qualifier>
	</bean>

	<bean class="ru.javabegin.training.spring.impls.sony.SonyHead">
	<property name="color" value="bronze"/>
		<qualifier value="sonyBronzeHead"></qualifier>
	</bean>
	
	<bean id="sonyHand" class="ru.javabegin.training.spring.impls.sony.SonyHand"/>	
	<bean id="sonyLeg" class="ru.javabegin.training.spring.impls.sony.SonyLeg" />

</beans>
