<?xml version="1.0" encoding="UTF-8"?>
<beans xmlns="http://www.springframework.org/schema/beans"
	xmlns:xsi="http://www.w3.org/2001/XMLSchema-instance"
	xmlns:aop="http://www.springframework.org/schema/aop"
	xmlns:context="http://www.springframework.org/schema/context"
	xsi:schemaLocation="http://www.springframework.org/schema/aop http://www.springframework.org/schema/aop/spring-aop-4.0.xsd
		http://www.springframework.org/schema/beans http://www.springframework.org/schema/beans/spring-beans.xsd
		http://www.springframework.org/schema/context http://www.springframework.org/schema/context/spring-context-4.0.xsd">

	<context:component-scan base-package="ru.javabegin.training.*"/>

	<aop:config>
		<aop:aspect id="log" ref="myLogger">
			<aop:pointcut id="getValue" expression="execution(* ru.javabegin.training.spring.aop.objects.SomeService.*(..))" />
			<aop:before pointcut-ref="getValue" method="init" />
			<aop:after pointcut-ref="getValue" method="close" />
			<aop:after-returning pointcut-ref="getValue" returning="obj" method="printValue" />
		</aop:aspect>
	</aop:config>


</beans>
