<?xml version="1.0" encoding="UTF-8"?>
<project-private xmlns="http://www.netbeans.org/ns/project-private/1">
    <editor-bookmarks xmlns="http://www.netbeans.org/ns/editor-bookmarks/1"/>
    <open-files xmlns="http://www.netbeans.org/ns/projectui-open-files/1">
        <file>file:/C:/projects/1_OOP/7-OOP_Polymorphism_dopZadanie3/src/printer/Printer.java</file>
        <file>file:/C:/projects/1_OOP/7-OOP_Polymorphism_dopZadanie3/src/main/StartProgram.java</file>
        <file>file:/C:/projects/1_OOP/7-OOP_Polymorphism_dopZadanie3/src/printer/PaperFormat.java</file>
    </open-files>
</project-private>
