<?xml version="1.0" encoding="UTF-8"?>
<flow xmlns="http://www.springframework.org/schema/webflow"
	xmlns:xsi="http://www.w3.org/2001/XMLSchema-instance"
	xsi:schemaLocation="http://www.springframework.org/schema/webflow
        http://www.springframework.org/schema/webflow/spring-webflow-2.0.xsd"
	start-state="createUserForm">



	<var name="user" class="ru.javabegin.training.springwebflow.objects.User" />

	<view-state id="createUserForm" view="create-user" model="user">
		<transition on="submit" to="createUserAction" />
		<transition on="cancel" to="end" />
	</view-state>

	<action-state id="createUserAction">
		<evaluate expression="userService.createUser(user)" />

		<transition to="end" />

	</action-state>

	<end-state id="end" />



</flow>