<?xml version="1.0" encoding="UTF-8"?>

<beans xmlns="http://www.springframework.org/schema/beans"
	xmlns:xsi="http://www.w3.org/2001/XMLSchema-instance" xmlns:flow="http://www.springframework.org/schema/webflow-config"
	xsi:schemaLocation="http://www.springframework.org/schema/webflow-config http://www.springframework.org/schema/webflow-config/spring-webflow-config-2.4.xsd
		http://www.springframework.org/schema/beans http://www.springframework.org/schema/beans/spring-beans-4.0.xsd">



	<flow:flow-executor id="mainFlowExecutor"
		flow-registry="mainFlowRegistry" />

	<flow:flow-registry id="mainFlowRegistry"
		flow-builder-services="flowBuilder">
		<flow:flow-location id="home" path="/WEB-INF/flows/main-flow.xml" />
	</flow:flow-registry>

	<flow:flow-builder-services id="flowBuilder"
		view-factory-creator="flowViewResolver" />

	<bean id="flowViewResolver"
		class="org.springframework.webflow.mvc.builder.MvcViewFactoryCreator">
		<property name="viewResolvers">
			<list>
				<ref bean="viewResolver" />
			</list>
		</property>
	</bean>

</beans>