<?xml version="1.0" encoding="UTF-8"?>
<project-private xmlns="http://www.netbeans.org/ns/project-private/1">
    <editor-bookmarks xmlns="http://www.netbeans.org/ns/editor-bookmarks/2" lastBookmarkId="0"/>
    <open-files xmlns="http://www.netbeans.org/ns/projectui-open-files/1">
        <file>file:/C:/projects/Web/JsfLibrary_4/web/templates/content.xhtml</file>
        <file>file:/C:/projects/Web/JsfLibrary_4/web/templates/footer.xhtml</file>
        <file>file:/C:/projects/Web/JsfLibrary_4/web/templates/header.xhtml</file>
        <file>file:/C:/projects/Web/JsfLibrary_4/web/templates/left_menu.xhtml</file>
        <file>file:/C:/projects/Web/JsfLibrary_4/web/templates/library_template.xhtml</file>
        <file>file:/C:/projects/Web/JsfLibrary_4/web/index.xhtml</file>
        <file>file:/C:/projects/Web/JsfLibrary_4/web/pages/books.xhtml</file>
        <file>file:/C:/projects/Web/JsfLibrary_4/src/java/ru/javabegin/training/web/beans/Genres.java</file>
        <file>file:/C:/projects/Web/JsfLibrary_4/src/java/ru/javabegin/training/web/beans/Genre.java</file>
        <file>file:/C:/projects/Web/JsfLibrary_4/web/WEB-INF/web.xml</file>
        <file>file:/C:/projects/Web/JsfLibrary_4/src/java/ru/javabegin/training/web/controllers/SearchController.java</file>
        <file>file:/C:/projects/Web/JsfLibrary_4/src/java/ru/javabegin/training/web/enums/SearchType.java</file>
    </open-files>
</project-private>
