<?xml version="1.0" encoding="UTF-8"?> 
 <definitions 
 xmlns="http://schemas.xmlsoap.org/wsdl/" 
 xmlns:wsdl="http://schemas.xmlsoap.org/wsdl/" 
 xmlns:xsd="http://www.w3.org/2001/XMLSchema" 
 xmlns:soap="http://schemas.xmlsoap.org/wsdl/soap/" name="FlightWSService" targetNamespace="http://ws.flight.training.javabegin.ru/" xmlns:tns="http://ws.flight.training.javabegin.ru/" xmlns:wsp="http://www.w3.org/ns/ws-policy" xmlns:wsu="http://docs.oasis-open.org/wss/2004/01/oasis-200401-wss-wssecurity-utility-1.0.xsd" xmlns:fi="http://java.sun.com/xml/ns/wsit/2006/09/policy/fastinfoset/service" xmlns:tcp="http://java.sun.com/xml/ns/wsit/2006/09/policy/soaptcp/service" xmlns:wsam="http://www.w3.org/2007/05/addressing/metadata" xmlns:sp="http://docs.oasis-open.org/ws-sx/ws-securitypolicy/200702" 
 >
    <message name="ArgumentException"/>
    <message name="checkReservationByCode"/>
    <message name="checkReservationByCodeResponse"/>
    <message name="buyTicket"/>
    <message name="buyTicketResponse"/>
    <message name="searchFlight"/>
    <message name="searchFlightResponse"/>
    <message name="getAllCities"/>
    <message name="getAllCitiesResponse"/>
    <portType name="FlightWS">
        <operation name="checkReservationByCode">
            <input message="tns:checkReservationByCode"/>
            <output message="tns:checkReservationByCodeResponse"/>
            <fault name="ArgumentException" message="tns:ArgumentException"/>
        </operation>
        <operation name="buyTicket">
            <input message="tns:buyTicket"/>
            <output message="tns:buyTicketResponse"/>
        </operation>
        <operation name="searchFlight">
            <input message="tns:searchFlight"/>
            <output message="tns:searchFlightResponse"/>
        </operation>
        <operation name="getAllCities">
            <input message="tns:getAllCities"/>
            <output message="tns:getAllCitiesResponse"/>
        </operation>
    </portType>
    <binding name="FlightWSPortBinding" type="tns:FlightWS">
        <operation name="checkReservationByCode">
            <input/>
            <output/>
            <fault name="ArgumentException"/>
        </operation>
        <operation name="buyTicket">
            <input/>
            <output/>
            <fault/>
        </operation>
        <operation name="searchFlight">
            <input/>
            <output/>
            <fault/>
        </operation>
        <operation name="getAllCities">
            <input/>
            <output/>
        </operation>
    </binding>
    <service name="FlightWSService">
        <port name="FlightWSPort" binding="tns:FlightWSPortBinding"/>
    </service>
    <wsp:Policy wsu:Id="FlightWSPortBinding_buyTicket_Input_Policy">
        <wsp:ExactlyOne>
            <wsp:All>
                <sp:EncryptedParts>
                    <sp:Body/>
                </sp:EncryptedParts>
                <sp:SignedParts>
                    <sp:Body/>
                </sp:SignedParts>
            </wsp:All>
        </wsp:ExactlyOne>
    </wsp:Policy>
    <wsp:Policy wsu:Id="FlightWSPortBinding_buyTicket_Output_Policy">
        <wsp:ExactlyOne>
            <wsp:All>
                <sp:EncryptedParts>
                    <sp:Body/>
                </sp:EncryptedParts>
                <sp:SignedParts>
                    <sp:Body/>
                </sp:SignedParts>
            </wsp:All>
        </wsp:ExactlyOne>
    </wsp:Policy>
    <wsp:Policy wsu:Id="FlightWSPortBinding_searchFlight_Input_Policy">
        <wsp:ExactlyOne>
            <wsp:All>
                <sp:EncryptedParts>
                    <sp:Body/>
                </sp:EncryptedParts>
                <sp:SignedParts>
                    <sp:Body/>
                </sp:SignedParts>
            </wsp:All>
        </wsp:ExactlyOne>
    </wsp:Policy>
    <wsp:Policy wsu:Id="FlightWSPortBinding_searchFlight_Output_Policy">
        <wsp:ExactlyOne>
            <wsp:All>
                <sp:EncryptedParts>
                    <sp:Body/>
                </sp:EncryptedParts>
                <sp:SignedParts>
                    <sp:Body/>
                </sp:SignedParts>
            </wsp:All>
        </wsp:ExactlyOne>
    </wsp:Policy>
    <wsp:Policy wsu:Id="FlightWSPortBinding_getAllCities_Input_Policy">
        <wsp:ExactlyOne>
            <wsp:All>
                <sp:EncryptedParts>
                    <sp:Body/>
                </sp:EncryptedParts>
                <sp:SignedParts>
                    <sp:Body/>
                </sp:SignedParts>
            </wsp:All>
        </wsp:ExactlyOne>
    </wsp:Policy>
    <wsp:Policy wsu:Id="FlightWSPortBinding_getAllCities_Output_Policy">
        <wsp:ExactlyOne>
            <wsp:All>
                <sp:EncryptedParts>
                    <sp:Body/>
                </sp:EncryptedParts>
                <sp:SignedParts>
                    <sp:Body/>
                </sp:SignedParts>
            </wsp:All>
        </wsp:ExactlyOne>
    </wsp:Policy>
</definitions>
