<?xml version="1.0" encoding="UTF-8"?>
<beans:beans xmlns="http://www.springframework.org/schema/security"
	xmlns:beans="http://www.springframework.org/schema/beans" xmlns:xsi="http://www.w3.org/2001/XMLSchema-instance"
	xsi:schemaLocation="
	http://www.springframework.org/schema/security 
	http://www.springframework.org/schema/security/spring-security-3.2.xsd
		
	http://www.springframework.org/schema/beans 
	http://www.springframework.org/schema/beans/spring-beans-4.0.xsd">


	<http auto-config="true">

		<access-denied-handler error-page="/accessDenied" />

		<intercept-url pattern="/user" access="ROLE_USER" />
		<intercept-url pattern="/admin" access="ROLE_ADMIN" />

		<form-login login-page='/login' default-target-url="/user"
			authentication-failure-url="/login?error=true" username-parameter="user_login"
			password-parameter="password_login" />

		<logout logout-success-url="/login" />

	</http>




	<authentication-manager>
		<authentication-provider>
			<user-service>
				<user name="user" password="user" authorities="ROLE_USER" />
				<user name="admin" password="admin" authorities="ROLE_ADMIN" />
			</user-service>
		</authentication-provider>
	</authentication-manager>




</beans:beans>
