<?xml version="1.0" encoding="UTF-8"?>
<beans:beans xmlns="http://www.springframework.org/schema/security"
	xmlns:beans="http://www.springframework.org/schema/beans" xmlns:xsi="http://www.w3.org/2001/XMLSchema-instance"
	xsi:schemaLocation="
	http://www.springframework.org/schema/security 
	http://www.springframework.org/schema/security/spring-security-3.2.xsd
		
	http://www.springframework.org/schema/beans 
	http://www.springframework.org/schema/beans/spring-beans-4.0.xsd">

	<http auto-config="true">
		<intercept-url pattern="/**" access="ROLE_USER" />
	</http>

	<authentication-manager>
		<authentication-provider>
			<user-service>
				<user name="admin" password="apass" authorities="ROLE_ADMIN, ROLE_USER" />
				<user name="user" password="upass" authorities="ROLE_USER" />
			</user-service>
		</authentication-provider>
	</authentication-manager>


</beans:beans>
