<?xml version="1.0" encoding="UTF-8"?>
<project-private xmlns="http://www.netbeans.org/ns/project-private/1">
    <editor-bookmarks xmlns="http://www.netbeans.org/ns/editor-bookmarks/1"/>
    <open-files xmlns="http://www.netbeans.org/ns/projectui-open-files/1">
        <file>file:/C:/projects/1_OOP/11-OOP_OverloadMethods/src/main/StartProgram.java</file>
        <file>file:/C:/projects/1_OOP/11-OOP_OverloadMethods/src/objects/Computer.java</file>
        <file>file:/C:/projects/1_OOP/11-OOP_OverloadMethods/src/objects/Planshet.java</file>
    </open-files>
</project-private>
