<?xml version="1.0" encoding="UTF-8"?>
<project-private xmlns="http://www.netbeans.org/ns/project-private/1">
    <editor-bookmarks xmlns="http://www.netbeans.org/ns/editor-bookmarks/2" lastBookmarkId="0"/>
    <open-files xmlns="http://www.netbeans.org/ns/projectui-open-files/1">
        <file>file:/C:/projects/Web/JsfLibrary_22_h/web/pages/books.xhtml</file>
        <file>file:/C:/projects/Web/JsfLibrary_22_h/web/pages/editBook.xhtml</file>
        <file>file:/C:/projects/Web/JsfLibrary_22_h/web/resources/css/dialog.css</file>
    </open-files>
</project-private>
