<?xml version="1.0" encoding="UTF-8"?>
<flow xmlns="http://www.springframework.org/schema/webflow"
	xmlns:xsi="http://www.w3.org/2001/XMLSchema-instance"
	xsi:schemaLocation="http://www.springframework.org/schema/webflow
        http://www.springframework.org/schema/webflow/spring-webflow-2.0.xsd"
	start-state="createUserForm">



	<var name="user" class="ru.javabegin.training.springwebflow.objects.User" />



	<view-state id="createUserForm" view="create-user" model="user" popup="true">
		<transition on="submit" to="createUserAction" />
		<transition on="cancel" to="canceled" validate="false"/>
	</view-state>

	<action-state id="createUserAction">
		<evaluate expression="userService.createUser(user, flowRequestContext)" />

		<transition on="success" to="userCreated" />

		<transition on="exist" to="createUserForm">
			<!-- <set name="flashScope.message" value="resourceBundle.user_exist"/> -->
		</transition>


		<!-- <transition on="exist" to="createUserForm"> -->
		<!-- <set name="flashScope.message" value="resourceBundle.user_exist"/> -->
		<!-- </transition> -->

	</action-state>

	<end-state id="userCreated" />

	<end-state id="canceled" />

	<global-transitions>
		<transition on-exception="java.lang.Exception" to="createUserForm" />
	</global-transitions>



</flow>