<?xml version="1.0" encoding="UTF-8"?>
<beans xmlns="http://www.springframework.org/schema/beans"
       xmlns:xsi="http://www.w3.org/2001/XMLSchema-instance"
       xmlns:mvc="http://www.springframework.org/schema/mvc"
       xmlns:context="http://www.springframework.org/schema/context" xmlns:tx="http://www.springframework.org/schema/tx"
       xsi:schemaLocation="http://www.springframework.org/schema/beans http://www.springframework.org/schema/beans/spring-beans.xsd
       http://www.springframework.org/schema/mvc http://www.springframework.org/schema/mvc/spring-mvc.xsd http://www.springframework.org/schema/context http://www.springframework.org/schema/context/spring-context.xsd http://www.springframework.org/schema/tx http://www.springframework.org/schema/tx/spring-tx.xsd"
        >

    <import resource="webflow.xml"/>

    <context:component-scan base-package="ru.javabegin.training.springlibrary"/>

    <mvc:resources mapping="/resources/**" location="/resources/"/>


    <bean class="org.springframework.webflow.mvc.servlet.FlowHandlerMapping">
        <property name="flowRegistry" ref="flowRegistry"/>
        <property name="order" value="2"/>
    </bean>

    <bean name="resourceHandlerJSF" class="org.springframework.faces.webflow.JsfResourceRequestHandler"/>

    <bean class="org.springframework.web.servlet.handler.SimpleUrlHandlerMapping">
        <property name="order" value="1"/>
        <property name="mappings">
            <value>
                /javax.faces.resource/**=resourceHandlerJSF
            </value>
        </property>
    </bean>


    <bean class="org.springframework.faces.webflow.JsfFlowHandlerAdapter">
        <property name="flowExecutor" ref="flowExecutor"/>
    </bean>


    <bean class="org.springframework.web.servlet.view.UrlBasedViewResolver">
        <property name="viewClass" value="org.springframework.faces.mvc.JsfView"/>
        <property name="prefix" value="/WEB-INF/views/"/>
        <property name="suffix" value=".xhtml"/>
    </bean>


    <bean id="msg" class="org.springframework.context.support.ReloadableResourceBundleMessageSource">
        <property name="basename" value="/WEB-INF/locales/messages"/>
        <property name="defaultEncoding" value="UTF-8"/>
    </bean>


    <bean id="dataSource" class="org.springframework.jndi.JndiObjectFactoryBean">
        <property name="jndiName" value="jdbc/Library"/>
    </bean>


    <bean id="sessionFactory" class="org.springframework.orm.hibernate4.LocalSessionFactoryBean">
        <property name="dataSource" ref="dataSource"/>
        <property name="configLocation" value="classpath:hibernate.cfg.xml"/>
    </bean>


    <tx:annotation-driven/>
    <bean id="transactionManager"
          class="org.springframework.orm.hibernate4.HibernateTransactionManager">
        <property name="sessionFactory" ref="sessionFactory"/>
    </bean>


    <bean id="localeResolver" class="org.springframework.web.servlet.i18n.SessionLocaleResolver">
        <property name="defaultLocale" value="ru"/>
    </bean>


    <mvc:interceptors>
        <mvc:interceptor>
            <mvc:mapping path="/**"/>
            <bean class="org.springframework.web.servlet.i18n.LocaleChangeInterceptor">
                <property name="paramName" value="lang"/>
            </bean>
        </mvc:interceptor>
    </mvc:interceptors>


</beans>