<?xml version="1.0"?>
<!DOCTYPE hibernate-mapping PUBLIC "-//Hibernate/Hibernate Mapping DTD 3.0//EN"
"http://hibernate.sourceforge.net/hibernate-mapping-3.0.dtd">
<!-- Generated Feb 2, 2013 10:44:23 PM by Hibernate Tools 3.2.1.GA -->
<hibernate-mapping>
    <class name="ru.javabegin.training.web.entity.Book" table="book" catalog="library">
        <id name="id" type="java.lang.Long">
            <column name="id" />
            <generator class="identity" />
        </id>
        <many-to-one name="author" class="ru.javabegin.training.web.entity.Author" fetch="join">
            <column name="author_id" not-null="true" />
        </many-to-one>
        <many-to-one name="genre" class="ru.javabegin.training.web.entity.Genre" fetch="join">
            <column name="genre_id" not-null="true" />
        </many-to-one>
        <many-to-one name="publisher" class="ru.javabegin.training.web.entity.Publisher" fetch="join">
            <column name="publisher_id" not-null="true" />
        </many-to-one>
        <property name="name" type="string">
            <column name="name" length="45" not-null="true" />
        </property>
        <property name="content" type="binary">
            <column name="content" />
        </property>
        <property name="pageCount" type="int">
            <column name="page_count" not-null="true" />
        </property>
        <property name="isbn" type="string">
            <column name="isbn" length="100" not-null="true" unique="true" />
        </property>
        <property name="publishYear" type="int">
            <column name="publish_year" not-null="true" />
        </property>
        <property name="image" type="binary">
            <column name="image" />
        </property>
        <property name="descr" type="string">
            <column name="descr" length="5000" />
        </property>
    </class>
</hibernate-mapping>
