<?xml version="1.0" encoding="UTF-8"?>
<beans xmlns="http://www.springframework.org/schema/beans"
       xmlns:xsi="http://www.w3.org/2001/XMLSchema-instance"
       xmlns:mvc="http://www.springframework.org/schema/mvc"
       xsi:schemaLocation="http://www.springframework.org/schema/beans http://www.springframework.org/schema/beans/spring-beans.xsd
       http://www.springframework.org/schema/mvc http://www.springframework.org/schema/mvc/spring-mvc.xsd
       ">

    <import resource="webflow.xml"/>

    <mvc:resources location="/" mapping="/resources/**"/>


    <bean class="org.springframework.webflow.mvc.servlet.FlowHandlerMapping">
        <property name="flowRegistry" ref="flowRegistry"/>
    </bean>

    <bean class="org.springframework.faces.webflow.JsfFlowHandlerAdapter">
        <property name="flowExecutor" ref="flowExecutor"/>
    </bean>



</beans>