<?xml version="1.0" encoding="UTF-8"?>
<project-private xmlns="http://www.netbeans.org/ns/project-private/1">
    <editor-bookmarks xmlns="http://www.netbeans.org/ns/editor-bookmarks/2" lastBookmarkId="0"/>
    <open-files xmlns="http://www.netbeans.org/ns/projectui-open-files/1">
        <file>file:/C:/projects/Web/Library_9/web/pages/books.jsp</file>
        <file>file:/C:/projects/Web/Library_9/src/java/ru/javabegin/training/web/beans/BookList.java</file>
        <file>file:/C:/projects/Web/Library_9/src/java/ru/javabegin/training/web/beans/Book.java</file>
        <file>file:/C:/projects/Web/Library_9/web/pages/content.jsp</file>
        <file>file:/C:/projects/Web/Library_9/src/java/ru/javabegin/training/web/servlets/PdfContent.java</file>
        <file>file:/C:/projects/Web/Library_9/src/java/ru/javabegin/training/web/listeners/ContextListener.java</file>
        <file>file:/C:/projects/Web/Library_9/web/WEB-INF/web.xml</file>
        <file>file:/C:/projects/Web/Library_9/src/java/ru/javabegin/training/web/listeners/SessionListener.java</file>
    </open-files>
</project-private>
