<?xml version="1.0" encoding="UTF-8"?>
<project-private xmlns="http://www.netbeans.org/ns/project-private/1">
    <editor-bookmarks xmlns="http://www.netbeans.org/ns/editor-bookmarks/1"/>
    <open-files xmlns="http://www.netbeans.org/ns/projectui-open-files/1">
        <file>file:/C:/projects/2_GUI/1-GUI_CreateFrame/src/javabegin/sources/MyJFrame.java</file>
        <file>file:/C:/projects/2_GUI/1-GUI_CreateFrame/src/javabegin/sources/MyJButton.java</file>
        <file>file:/C:/projects/2_GUI/1-GUI_CreateFrame/src/javabegin/sources/MyJPanel.java</file>
        <file>file:/C:/projects/2_GUI/1-GUI_CreateFrame/src/javabegin/sources/TestGUI.java</file>
    </open-files>
</project-private>
