<?xml version='1.0' encoding='UTF-8'?><!-- Published by JAX-WS RI at http://jax-ws.dev.java.net. RI's version is Metro/2.3 (tags/2.3-7528; 2013-04-29T19:34:10+0000) JAXWS-RI/2.2.8 JAXWS/2.2 svn-revision#unknown. --><!-- Generated by JAX-WS RI at http://jax-ws.dev.java.net. RI's version is Metro/2.3 (tags/2.3-7528; 2013-04-29T19:34:10+0000) JAXWS-RI/2.2.8 JAXWS/2.2 svn-revision#unknown. --><definitions xmlns:wsu="http://docs.oasis-open.org/wss/2004/01/oasis-200401-wss-wssecurity-utility-1.0.xsd" xmlns:wsp="http://www.w3.org/ns/ws-policy" xmlns:wsp1_2="http://schemas.xmlsoap.org/ws/2004/09/policy" xmlns:wsam="http://www.w3.org/2007/05/addressing/metadata" xmlns:wsaw="http://www.w3.org/2006/05/addressing/wsdl" xmlns:soap="http://schemas.xmlsoap.org/wsdl/soap/" xmlns:tns="http://ws.flight.training.javabegin.ru/" xmlns:xsd="http://www.w3.org/2001/XMLSchema" xmlns="http://schemas.xmlsoap.org/wsdl/" targetNamespace="http://ws.flight.training.javabegin.ru/" name="FlightWSService">
    <import namespace="http://javabegin.ru/training/ws" location="FlightWSService.wsdl_1.xml"/>
    <binding xmlns:ns1="http://javabegin.ru/training/ws" name="FlightWSPortBinding" type="ns1:FlightWS">
        <wsaw:UsingAddressing/>
        <soap:binding transport="http://schemas.xmlsoap.org/soap/http" style="document"/>
        <operation name="getAllCities">
            <soap:operation soapAction=""/>
            <input>
                <soap:body use="literal"/>
            </input>
            <output>
                <soap:body use="literal"/>
            </output>
        </operation>
        <operation name="searchFlight">
            <soap:operation soapAction=""/>
            <input>
                <soap:body use="literal"/>
            </input>
            <output>
                <soap:body use="literal"/>
            </output>
            <fault name="ArgumentException">
                <soap:fault name="ArgumentException" use="literal"/>
            </fault>
        </operation>
        <operation name="buyTicket">
            <soap:operation soapAction=""/>
            <input>
                <soap:body use="literal"/>
            </input>
            <output>
                <soap:body use="literal"/>
            </output>
            <fault name="ArgumentException">
                <soap:fault name="ArgumentException" use="literal"/>
            </fault>
        </operation>
        <operation name="checkReservationByCode">
            <soap:operation soapAction=""/>
            <input>
                <soap:body use="literal"/>
            </input>
            <output>
                <soap:body use="literal"/>
            </output>
            <fault name="ArgumentException">
                <soap:fault name="ArgumentException" use="literal"/>
            </fault>
        </operation>
    </binding>
    <service name="FlightWSService">
        <port name="FlightWSPort" binding="tns:FlightWSPortBinding">
            <soap:address location="http://localhost:8080/Flights_WS/FlightWSService"/>
        </port>
    </service>
</definitions>