<?xml version="1.0"?>
<!DOCTYPE hibernate-mapping PUBLIC "-//Hibernate/Hibernate Mapping DTD 3.0//EN"
"http://hibernate.sourceforge.net/hibernate-mapping-3.0.dtd">
<!-- Generated Jul 5, 2013 2:59:07 PM by Hibernate Tools 3.2.1.GA -->
<hibernate-mapping>
    <class name="ru.javabegin.training.web.entity.Vote" table="vote" catalog="library">
        <id name="id" type="java.lang.Long">
            <column name="id" />
            <generator class="identity" />
        </id>
        <many-to-one name="book" class="ru.javabegin.training.web.entity.Book" fetch="select">
            <column name="book_id" not-null="true" />
        </many-to-one>
        <property name="value" type="java.lang.Integer">
            <column name="value" />
        </property>
        <property name="username" type="string">
            <column name="username" length="100" not-null="true" />
        </property>
    </class>
</hibernate-mapping>
