<?xml version="1.0" encoding="UTF-8"?>
<project-private xmlns="http://www.netbeans.org/ns/project-private/1">
    <editor-bookmarks xmlns="http://www.netbeans.org/ns/editor-bookmarks/2" lastBookmarkId="0"/>
    <open-files xmlns="http://www.netbeans.org/ns/projectui-open-files/1">
        <file>file:/C:/work/projects/ws/Flights1_h/src/java/ru/javabegin/training/flight/objects/Reservation.java</file>
        <file>file:/C:/work/projects/ws/Flights1_h/src/java/ru/javabegin/training/flight/objects/Passenger.java</file>
        <file>file:/C:/work/projects/ws/Flights1_h/src/java/ru/javabegin/training/flight/objects/Flight.java</file>
        <file>file:/C:/work/projects/ws/Flights1_h/src/java/ru/javabegin/training/flight/interfaces/impls/SearchImpl.java</file>
        <file>file:/C:/work/projects/ws/Flights1_h/src/java/ru/javabegin/training/flight/interfaces/impls/TestVars.java</file>
        <file>file:/C:/work/projects/ws/Flights1_h/src/java/ru/javabegin/training/flight/main/Start.java</file>
    </open-files>
</project-private>
