<?xml version="1.0" encoding="UTF-8"?>
<project-private xmlns="http://www.netbeans.org/ns/project-private/1">
    <editor-bookmarks xmlns="http://www.netbeans.org/ns/editor-bookmarks/2" lastBookmarkId="0"/>
    <open-files xmlns="http://www.netbeans.org/ns/projectui-open-files/1">
        <file>file:/C:/projects/Web/Library_2/web/WEB-INF/web.xml</file>
        <file>file:/C:/projects/Web/Library_2/src/java/testjdbc/TestConneciton.java</file>
        <file>file:/C:/projects/Web/Library_2/web/pages/main.jsp</file>
    </open-files>
</project-private>
