<?xml version="1.0" encoding="UTF-8"?>
<beans xmlns="http://www.springframework.org/schema/beans"
       xmlns:xsi="http://www.w3.org/2001/XMLSchema-instance"
       xmlns:mvc="http://www.springframework.org/schema/mvc"
       xmlns:context="http://www.springframework.org/schema/context"
       xsi:schemaLocation="http://www.springframework.org/schema/beans http://www.springframework.org/schema/beans/spring-beans.xsd
       http://www.springframework.org/schema/mvc http://www.springframework.org/schema/mvc/spring-mvc.xsd http://www.springframework.org/schema/context http://www.springframework.org/schema/context/spring-context.xsd">

    <import resource="webflow.xml"/>

    <context:component-scan base-package="ru.javabegin.training.springlibrary"/>

    <mvc:resources mapping="/resources/**" location="/resources/" />


    <bean class="org.springframework.webflow.mvc.servlet.FlowHandlerMapping">
        <property name="flowRegistry" ref="flowRegistry"/>
    </bean>


    <bean class="org.springframework.faces.webflow.JsfFlowHandlerAdapter">
        <property name="flowExecutor" ref="flowExecutor"/>
    </bean>


    <bean class="org.springframework.web.servlet.view.UrlBasedViewResolver">
        <property name="viewClass" value="org.springframework.faces.mvc.JsfView"/>
        <property name="prefix" value="/WEB-INF/views/"/>
        <property name="suffix" value=".xhtml"/>
    </bean>


    <bean id="msg" class="org.springframework.context.support.ReloadableResourceBundleMessageSource">
        <property name="basename" value="/WEB-INF/locales/messages"/>
        <property name="defaultEncoding" value="UTF-8"/>
    </bean>


    <bean id="localeResolver" class="org.springframework.web.servlet.i18n.SessionLocaleResolver">
        <property name="defaultLocale" value="ru"/>
    </bean>

    <bean id="dataSource" class="org.springframework.jndi.JndiObjectFactoryBean">
        <property name="jndiName" value="jdbc/Library"/>
    </bean>


    <bean id="sessionFactory" class="org.springframework.orm.hibernate4.LocalSessionFactoryBean">
        <property name="dataSource" ref="dataSource"/>
        <!--<property name="configLocation" value="classpath:hibernate.cfg.xml" />-->
        <property name="packagesToScan" value="ru.javabegin.training.springlibrary.entities" />
        <property name="hibernateProperties">
            <props>
                <prop key="hibernate.dialect">org.hibernate.dialect.MySQL5Dialect</prop>
                <prop key="hibernate.show_sql">true</prop>
            </props>
        </property>
    </bean>


</beans>