<?xml version="1.0" encoding="UTF-8"?>
<beans xmlns="http://www.springframework.org/schema/beans"
	xmlns:mvc="http://www.springframework.org/schema/mvc" xmlns:xsi="http://www.w3.org/2001/XMLSchema-instance"
	xmlns:context="http://www.springframework.org/schema/context"
	xsi:schemaLocation="http://www.springframework.org/schema/mvc http://www.springframework.org/schema/mvc/spring-mvc.xsd
		http://www.springframework.org/schema/beans http://www.springframework.org/schema/beans/spring-beans.xsd
		http://www.springframework.org/schema/context http://www.springframework.org/schema/context/spring-context.xsd">

	<!-- DispatcherServlet Context: defines this servlet's request-processing 
		infrastructure -->

	<!-- Enables the Spring MVC @Controller programming model -->
	<mvc:annotation-driven/>

	<!-- Handles HTTP GET requests for /resources/** by efficiently serving 
		up static resources in the ${webappRoot}/resources directory -->
	<mvc:resources mapping="/resources/**" location="/resources/" />

	<context:component-scan base-package="ru.javabegin.training" />



	<!-- Resolves views selected for rendering by @Controllers to .jsp resources 
		in the /WEB-INF/views directory -->
	<bean
		class="org.springframework.web.servlet.view.InternalResourceViewResolver">
		<property name="prefix" value="/WEB-INF/views/" />
		<property name="suffix" value=".jsp" />
	</bean>


<!-- 	<bean id="requestHandlerMapping" -->
<!-- 	class="org.springframework.web.servlet.mvc.method.annotation.RequestMappingHandlerMapping"> -->
<!-- 	<property name="interceptors"> -->
<!-- 	<list> -->
<!-- 	<ref bean="checkUserInterceptor" /> -->
<!-- 	</list> -->
<!-- 	</property> -->
<!-- 	</bean> -->

	<mvc:interceptors>
		<mvc:interceptor>
			<mvc:mapping path="/*" />
			<bean class="ru.javabegin.training.interceptors.TimeInterceptor" />
		</mvc:interceptor>
	</mvc:interceptors>





</beans>
