<?xml version="1.0" encoding="UTF-8"?>
<!DOCTYPE hibernate-mapping PUBLIC "-//Hibernate/Hibernate Mapping DTD 3.0//EN" "http://hibernate.sourceforge.net/hibernate-mapping-3.0.dtd">
<!-- Generated Jul 5, 2013 2:59:07 PM by Hibernate Tools 3.2.1.GA -->
<hibernate-mapping>
  <class catalog="library" name="ru.javabegin.training.web.entity.ext.AuthorExt" table="author">
    <id name="id" type="java.lang.Long">
      <column name="id"/>
      <generator class="identity"/>
    </id>
    <property name="fio" type="string">
      <column length="300" name="fio" not-null="true"/>
    </property>
    <property name="birthday" type="date">
      <column length="10" name="birthday" not-null="true"/>
    </property>
    <set inverse="true" name="books" lazy="true">
      <key>
        <column name="author_id" not-null="true"/>
      </key>
      <one-to-many class="ru.javabegin.training.web.entity.Book"/>
    </set>
  </class>
</hibernate-mapping>
