<?xml version="1.0" encoding="UTF-8"?>
<beans xmlns="http://www.springframework.org/schema/beans"
	xmlns:xsi="http://www.w3.org/2001/XMLSchema-instance" xmlns:aop="http://www.springframework.org/schema/aop"
	xmlns:context="http://www.springframework.org/schema/context" xmlns:tx="http://www.springframework.org/schema/tx"
	xsi:schemaLocation="http://www.springframework.org/schema/aop http://www.springframework.org/schema/aop/spring-aop-4.0.xsd
		http://www.springframework.org/schema/beans http://www.springframework.org/schema/beans/spring-beans.xsd
		http://www.springframework.org/schema/tx http://www.springframework.org/schema/tx/spring-tx-4.0.xsd
		http://www.springframework.org/schema/context http://www.springframework.org/schema/context/spring-context-4.0.xsd">

	<context:component-scan base-package="ru.javabegin.training.spring.*" />

	<import resource="transactions.xml" />

	

	<aop:aspectj-autoproxy proxy-target-class="true" />

	<aop:config>
		<aop:aspect id="aspectCheckTransaction" ref="checkTransaction">
			<aop:pointcut expression="execution(* ru.javabegin.training.spring.dao.impls.*.insert*(..))" id="insertMethods" />
			<aop:before pointcut-ref="insertMethods" method="checkTransactionActive" />
		</aop:aspect>
	</aop:config>




</beans>
