<?xml version="1.0" encoding="UTF-8"?>
<beans xmlns="http://www.springframework.org/schema/beans"
	xmlns:xsi="http://www.w3.org/2001/XMLSchema-instance" xmlns:tx="http://www.springframework.org/schema/tx"
	xmlns:aop="http://www.springframework.org/schema/aop"
	xsi:schemaLocation="http://www.springframework.org/schema/aop http://www.springframework.org/schema/aop/spring-aop-4.0.xsd
		http://www.springframework.org/schema/beans http://www.springframework.org/schema/beans/spring-beans.xsd
		http://www.springframework.org/schema/tx http://www.springframework.org/schema/tx/spring-tx-4.0.xsd">



	<tx:annotation-driven transaction-manager="transactionManager" />

	<bean id="dataSource"
		class="org.springframework.jdbc.datasource.DriverManagerDataSource">
		<property name="driverClassName" value="org.sqlite.JDBC" />
		<property name="url" value="jdbc:sqlite:db/SpringDB.db" />
		<property name="username" value="" />
		<property name="password" value="" />
	</bean>


	<bean id="transactionManager"
		class="org.springframework.jdbc.datasource.DataSourceTransactionManager">
		<property name="dataSource" ref="dataSource" />
	</bean>


	<tx:advice id="adviceTransaction" transaction-manager="transactionManager">
		<tx:attributes>
			<tx:method name="insert*" propagation="REQUIRED" read-only="false"
				isolation="SERIALIZABLE" />
		</tx:attributes>
	</tx:advice>

	<aop:config>
		<aop:advisor
			pointcut="execution(* ru.javabegin.training.spring.dao.impls.*.*(..))"
			advice-ref="adviceTransaction" />
	</aop:config>

</beans>
