<?xml version='1.0' encoding='UTF-8'?>

<!-- =========== FULL CONFIGURATION FILE ================================== -->

<faces-config version="2.1"
    xmlns="http://java.sun.com/xml/ns/javaee"
    xmlns:xsi="http://www.w3.org/2001/XMLSchema-instance"
    xsi:schemaLocation="http://java.sun.com/xml/ns/javaee http://java.sun.com/xml/ns/javaee/web-facesconfig_2_1.xsd">

<application>
	<resource-bundle>
		<base-name>ru.javabegin.training.web.nls.messages</base-name>
		<var>msg</var>
	</resource-bundle>
</application>
    <navigation-rule>
        <from-view-id>/index.xhtml</from-view-id>
        <navigation-case>
            <from-outcome>books</from-outcome>
            <to-view-id>/pages/books.xhtml</to-view-id>
            <redirect />
        </navigation-case>
    </navigation-rule>
    <navigation-rule>
        <from-view-id>/pages/books.xhtml</from-view-id>
        <navigation-case>
            <from-outcome>exit</from-outcome>
            <to-view-id>/index.xhtml</to-view-id>
            <redirect />
        </navigation-case>
    </navigation-rule>
</faces-config>
