<?xml version="1.0" encoding="UTF-8"?>
<project-private xmlns="http://www.netbeans.org/ns/project-private/1">
    <editor-bookmarks xmlns="http://www.netbeans.org/ns/editor-bookmarks/1"/>
    <open-files xmlns="http://www.netbeans.org/ns/projectui-open-files/1">
        <file>file:/C:/projects/1_OOP/2-OOP_dopZadainie1/src/objects/Human.java</file>
        <file>file:/C:/projects/1_OOP/2-OOP_dopZadainie1/src/objects/Dog.java</file>
        <file>file:/C:/projects/1_OOP/2-OOP_dopZadainie1/src/objects/Database.java</file>
        <file>file:/C:/projects/1_OOP/2-OOP_dopZadainie1/src/objects/Bus.java</file>
    </open-files>
</project-private>
