<?xml version='1.0' encoding='UTF-8' ?>
<schemas xmlns='http://xml.netbeans.org/schema/JAXBWizConfig' destdir='build/generated-sources/jaxb' projectName='FlightsClient_RS' version='1.0'>
	<schema type='-xmlschema' package='ru.javabegin.training.flight.rs.objects' name='FlightRS'>
		<xjc-options>
		</xjc-options>
		<schema-sources>
			<schema-source location='xml-resources/jaxb/FlightRS/localhost_8080/Flights_RS/rest/application.wadl/xsd0.xsd' origLocation='http://localhost:8080/Flights_RS/rest/application.wadl/xsd0.xsd' origLocationType='url'/>
		</schema-sources>
		<bindings>
		</bindings>
		<catalog/>
	</schema>
</schemas>
