<?xml version="1.0" encoding="UTF-8"?>
<beans:beans xmlns="http://www.springframework.org/schema/security"
             xmlns:beans="http://www.springframework.org/schema/beans"
             xmlns:xsi="http://www.w3.org/2001/XMLSchema-instance"
             xsi:schemaLocation="http://www.springframework.org/schema/beans
	http://www.springframework.org/schema/beans/spring-beans.xsd
	http://www.springframework.org/schema/security
	http://www.springframework.org/schema/security/spring-security.xsd">



    <beans:bean id="dataSource" class="org.springframework.jndi.JndiObjectFactoryBean">
        <beans:property name="jndiName" value="jdbc/Library"/>
    </beans:bean>


    <beans:bean id="jdbcGroupsImpl" class="org.springframework.security.core.userdetails.jdbc.JdbcDaoImpl">
        <beans:property name="enableGroups" value="true" />
        <beans:property name="enableAuthorities" value="true" />
        <beans:property name="dataSource" ref="dataSource" />
    </beans:bean>


    <authentication-manager>
        <authentication-provider>
            <user-service>
                <user name="user" password="user" authorities="ROLE_USER" />
                <user name="admin" password="admin" authorities="ROLE_ADMIN, ROLE_USER" />
            </user-service>
        </authentication-provider>
    </authentication-manager>
    


    <http auto-config="true" use-expressions="true">

        <intercept-url pattern="/app/main" access="hasRole('ROLE_USER')"/>
        <intercept-url pattern="/**" requires-channel="https" />

        <port-mappings>
            <port-mapping http="8080" https="8181" />
        </port-mappings>



        <form-login
                login-page="/app/login"
                login-processing-url="/app/checkuser"
                default-target-url="/app/main"
                authentication-failure-url="/app/login?login_failed=1"
                username-parameter="username"
                password-parameter="password" />

        <logout logout-success-url="/app/login" logout-url="/app/logout"/>
    </http>



</beans:beans>