<?xml version="1.0" encoding="UTF-8"?>
<project-private xmlns="http://www.netbeans.org/ns/project-private/1">
    <editor-bookmarks xmlns="http://www.netbeans.org/ns/editor-bookmarks/2" lastBookmarkId="0"/>
    <open-files xmlns="http://www.netbeans.org/ns/projectui-open-files/1">
        <file>file:/C:/projects/Web/Library_4/src/java/ru/javabegin/training/web/beans/Book.java</file>
        <file>file:/C:/projects/Web/Library_4/src/java/ru/javabegin/training/web/beans/BookList.java</file>
        <file>file:/C:/projects/Web/Library_4/src/java/ru/javabegin/training/web/beans/Author.java</file>
        <file>file:/C:/projects/Web/Library_4/src/java/ru/javabegin/training/web/beans/Genre.java</file>
        <file>file:/C:/projects/Web/Library_4/src/java/ru/javabegin/training/web/beans/GenreList.java</file>
        <file>file:/C:/projects/Web/Library_4/web/pages/main.jsp</file>
        <file>file:/C:/projects/Web/Library_4/web/css/style_main.css</file>
        <file>file:/C:/projects/Web/Library_4/src/java/ru/javabegin/training/web/beans/AuthorList.java</file>
    </open-files>
</project-private>
