<?xml version="1.0" encoding="UTF-8"?>
<beans:beans xmlns="http://www.springframework.org/schema/security"
	xmlns:beans="http://www.springframework.org/schema/beans" xmlns:xsi="http://www.w3.org/2001/XMLSchema-instance"
	xsi:schemaLocation="
	http://www.springframework.org/schema/security 
	http://www.springframework.org/schema/security/spring-security-3.2.xsd
		
	http://www.springframework.org/schema/beans 
	http://www.springframework.org/schema/beans/spring-beans-4.0.xsd">


	<http auto-config="true">

		<remember-me data-source-ref="dataSource" />



	
	

		<access-denied-handler error-page="/accessDenied" />

		<intercept-url pattern="/user" access="ROLE_USER" />
		<intercept-url pattern="/admin" access="ROLE_ADMIN, ROLE_USER" />

		<form-login login-page='/login' default-target-url="/user"
			authentication-failure-url="/login?error=true" username-parameter="user_login"
			password-parameter="password_login" />

		<logout logout-success-url="/login" />

	</http>


	<beans:bean id="jdbcGroupsImpl"
		class="org.springframework.security.core.userdetails.jdbc.JdbcDaoImpl">
		<beans:property name="enableGroups" value="true" />
		<beans:property name="enableAuthorities" value="false" />
		<beans:property name="dataSource" ref="dataSource" />
	</beans:bean>




	<authentication-manager>
		<authentication-provider user-service-ref="jdbcGroupsImpl">
			<password-encoder ref="bcrypt" />
			<!-- <user-service> -->
			<!-- <user name="user" password="user" authorities="ROLE_USER, ROLE_ADMIN" 
				/> -->
			<!-- <user name="admin" password="admin" authorities="ROLE_ADMIN" /> -->
			<!-- </user-service> -->

		</authentication-provider>
	</authentication-manager>

	<beans:bean id="bcrypt"
		class="org.springframework.security.crypto.bcrypt.BCryptPasswordEncoder">
		<beans:constructor-arg name="strength" value="11" />
	</beans:bean>






</beans:beans>
