<?xml version="1.0" encoding="UTF-8"?>
<handler-chains xmlns="http://java.sun.com/xml/ns/javaee">
  <handler-chain>
     <handler>
      <handler-name>ru.javabegin.training.flight.ws.handlers.TestLogicalHandler</handler-name>
      <handler-class>ru.javabegin.training.flight.ws.handlers.TestLogicalHandler</handler-class>
    </handler>
    <handler>
      <handler-name>ru.javabegin.training.flight.ws.handlers.TestMessageHandler</handler-name>
      <handler-class>ru.javabegin.training.flight.ws.handlers.TestMessageHandler</handler-class>
    </handler>
  </handler-chain>
</handler-chains>
