<?xml version="1.0" encoding="UTF-8"?>
<project-private xmlns="http://www.netbeans.org/ns/project-private/1">
    <editor-bookmarks xmlns="http://www.netbeans.org/ns/editor-bookmarks/2" lastBookmarkId="0"/>
    <open-files xmlns="http://www.netbeans.org/ns/projectui-open-files/1">
        <file>file:/C:/projects/Goldman2%20-%20копия/Goldman_7/src/ru/javabegin/training/goldman/interfaces/gamemap/MapCollection.java</file>
        <file>file:/C:/projects/Goldman2%20-%20копия/Goldman_7/src/ru/javabegin/training/goldman/abstracts/AbstractMovingObject.java</file>
        <file>file:/C:/projects/Goldman2%20-%20копия/Goldman_7/src/ru/javabegin/training/goldman/objects/GoldMan.java</file>
        <file>file:/C:/projects/Goldman2%20-%20копия/Goldman_7/src/ru/javabegin/training/goldman/objects/Monster.java</file>
    </open-files>
</project-private>
