<?xml version="1.0" encoding="UTF-8" standalone="no"?>
<!DOCTYPE properties SYSTEM "http://java.sun.com/dtd/properties.dtd">
<properties>
<entry key="0_profiler.settings.cpu.quick.filterprofiler.filter.type">profiler.simple.filter</entry>
<entry key="2_profiler.settings.profilingpoints.enabled">true</entry>
<entry key="0_profiler.settings.profiling.type">1</entry>
<entry key="1_profiler.settings.thread.cpu.timer.on">false</entry>
<entry key="3_profiler.settings.cpu.exclude.wait.time">true</entry>
<entry key="4_profiler.settings.override">false</entry>
<entry key="0_profiler.settings.code.region.cpu.res.buf.size">1000</entry>
<entry key="1_profiler.settings.istrument.getter.setter.methods">false</entry>
<entry key="0_profiler.settings.override">false</entry>
<entry key="1_profiler.settings.sort.results.by.thread.cpu.time">false</entry>
<entry key="4_profiler.settings.instrumentation.marker.methods.size">0</entry>
<entry key="4_profiler.settings.cpu.quick.filterprofiler.simple.filter.name">Quick filter...</entry>
<entry key="0_profiler.settings.run.gc.on.get.results.in.memory.profiling">true</entry>
<entry key="3_profiler.settings.profile.underlying.framework">false</entry>
<entry key="2_profiler.settings.override">false</entry>
<entry key="3_profiler.settings.instrumentation.filter.selectedprofiler.simple.filter.name"/>
<entry key="3_profiler.settings.sampling.interval">10</entry>
<entry key="1_profiler.settings.profiling.type">16</entry>
<entry key="0_profiler.settings.threads.sampling.enabled">true</entry>
<entry key="3_profiler.settings.thread.cpu.timer.on">false</entry>
<entry key="2_profiler.settings.instrumentation.filter.selectedprofiler.simple.filter.type">2</entry>
<entry key="2_profiler.settings.instrumentation.root.methods.size">0</entry>
<entry key="3_profiler.settings.cpu.profiling.type">0</entry>
<entry key="2_profiler.settings.run.gc.on.get.results.in.memory.profiling">true</entry>
<entry key="1_profiler.settings.override.jvm.args"/>
<entry key="1_profiler.settings.obj.alloc.stack.sampling.interval">10</entry>
<entry key="0_profiler.settings.cpu.quick.filterprofiler.simple.filter.type">1</entry>
<entry key="profiler.settings.lastselected">1</entry>
<entry key="4_profiler.settings.cpu.quick.filterprofiler.filter.type">profiler.simple.filter</entry>
<entry key="4_profiler.settings.run.gc.on.get.results.in.memory.profiling">true</entry>
<entry key="2_profiler.settings.profile.underlying.framework">false</entry>
<entry key="0_profiler.settings.override.working.dir"/>
<entry key="4_profiler.settings.settings.name">New Memory Analysis</entry>
<entry key="4_profiler.settings.cpu.profiling.type">0</entry>
<entry key="0_profiler.settings.sort.results.by.thread.cpu.time">false</entry>
<entry key="1_profiler.settings.cpu.exclude.wait.time">true</entry>
<entry key="0_profiler.settings.n.profiled.threads.limit">32</entry>
<entry key="3_profiler.settings.instrument.spawned.threads">false</entry>
<entry key="1_profiler.settings.threads.sampling.enabled">true</entry>
<entry key="0_profiler.settings.instrument.empty.methods">false</entry>
<entry key="0_profiler.settings.instrument.spawned.threads">false</entry>
<entry key="2_profiler.settings.threads.monitoring.enabled">false</entry>
<entry key="1_profiler.settings.n.profiled.threads.limit">32</entry>
<entry key="1_profiler.settings.profilingpoints.enabled">false</entry>
<entry key="2_profiler.settings.threads.sampling.enabled">true</entry>
<entry key="2_profiler.settings.instrumentation.filter.selectedprofiler.simple.filter.name">Profile only project classes</entry>
<entry key="2_profiler.settings.profiling.type">8</entry>
<entry key="1_profiler.settings.instrument.empty.methods">false</entry>
<entry key="0_profiler.settings.instrument.method.invoke">true</entry>
<entry key="2_profiler.settings.sampling.interval">10</entry>
<entry key="0_profiler.settings.istrument.getter.setter.methods">false</entry>
<entry key="0_profiler.settings.cpu.quick.filterprofiler.simple.filter.name">Quick filter...</entry>
<entry key="3_profiler.settings.instrumentation.root.methods.size">0</entry>
<entry key="0_profiler.settings.instrumentation.filter.selectedprofiler.simple.filter.value"/>
<entry key="1_profiler.settings.instrument.method.invoke">true</entry>
<entry key="1_profiler.settings.cpu.quick.filterprofiler.simple.filter.type">1</entry>
<entry key="3_profiler.settigns.ispreset">true</entry>
<entry key="4_profiler.settings.sort.results.by.thread.cpu.time">false</entry>
<entry key="2_profiler.settings.obj.alloc.stack.sampling.interval">10</entry>
<entry key="0_profiler.settings.override.jvm.args"/>
<entry key="2_profiler.settings.settings.name">New CPU Analysis</entry>
<entry key="3_profiler.settings.cpu.quick.filterprofiler.filter.type">profiler.simple.filter</entry>
<entry key="1_profiler.settings.istrumentation.root.methods-9">ru.javabegin.training.goldman.utils.**,,</entry>
<entry key="4_profiler.settings.code.region.cpu.res.buf.size">1000</entry>
<entry key="1_profiler.settings.istrumentation.root.methods-8">ru.javabegin.training.goldman.movestrategies.impl.**,,</entry>
<entry key="1_profiler.settings.istrumentation.root.methods-7">ru.javabegin.training.goldman.sound.impl.**,,</entry>
<entry key="1_profiler.settings.istrumentation.root.methods-6">ru.javabegin.training.goldman.creators.**,,</entry>
<entry key="1_profiler.settings.istrumentation.root.methods-5">ru.javabegin.training.goldman.collections.abstracts.**,,</entry>
<entry key="1_profiler.settings.istrumentation.root.methods-4">ru.javabegin.training.goldman.gamemap.loader.impl.**,,</entry>
<entry key="3_profiler.settings.profiling.type">4</entry>
<entry key="1_profiler.settings.istrumentation.root.methods-3">ru.javabegin.training.goldman.gamemap.abstracts.**,,</entry>
<entry key="1_profiler.settings.istrumentation.root.methods-2">ru.javabegin.training.goldman.gameobjects.interfaces.**,,</entry>
<entry key="1_profiler.settings.istrumentation.root.methods-1">ru.javabegin.training.goldman.gamemap.impl.**,,</entry>
<entry key="1_profiler.settigns.ispreset">true</entry>
<entry key="4_profiler.settings.cpu.exclude.wait.time">true</entry>
<entry key="1_profiler.settings.istrumentation.root.methods-0">ru.javabegin.training.goldman.listeners.interfaces.**,,</entry>
<entry key="0_profiler.settings.instrumentation.marker.methods.size">0</entry>
<entry key="2_profiler.settings.n.profiled.threads.limit">32</entry>
<entry key="1_profiler.settings.instrumentation.filter.selectedprofiler.simple.filter.type">2</entry>
<entry key="4_profiler.settings.cpu.sampling.frequency">10</entry>
<entry key="3_profiler.settings.threads.sampling.enabled">true</entry>
<entry key="4_profiler.settings.instrumentation.filter.selectedprofiler.filter.type">profiler.simple.filter</entry>
<entry key="2_profiler.settings.instrument.empty.methods">false</entry>
<entry key="1_profiler.settings.instrumentation.filter.selectedprofiler.simple.filter.value"/>
<entry key="4_profiler.settings.istrument.getter.setter.methods">false</entry>
<entry key="1_profiler.settings.profile.underlying.framework">false</entry>
<entry key="1_profiler.settings.override.working.dir"/>
<entry key="0_profiler.settings.obj.alloc.stack.sampling.depth">0</entry>
<entry key="4_profiler.settings.profilingpoints.enabled">true</entry>
<entry key="3_profiler.settings.cpu.sampling.frequency">10</entry>
<entry key="3_profiler.settings.n.profiled.threads.limit">32</entry>
<entry key="4_profiler.settings.threads.sampling.enabled">true</entry>
<entry key="0_profiler.settings.thread.cpu.timer.on">false</entry>
<entry key="2_profiler.settings.instrument.method.invoke">true</entry>
<entry key="3_profiler.settings.instrument.empty.methods">false</entry>
<entry key="2_profiler.settings.cpu.sampling.frequency">10</entry>
<entry key="1_profiler.settings.cpu.quick.filterprofiler.simple.filter.name">Quick filter...</entry>
<entry key="1_profiler.settings.sampling.interval">10</entry>
<entry key="2_profiler.settings.instrumentation.filter.selectedprofiler.simple.filter.value"/>
<entry key="3_profiler.settings.instrument.method.invoke">true</entry>
<entry key="0_profiler.settings.settings.name">Monitor Application</entry>
<entry key="3_profiler.settings.code.region.cpu.res.buf.size">1000</entry>
<entry key="1_profiler.settings.cpu.sampling.frequency">10</entry>
<entry key="2_profiler.settings.cpu.quick.filterprofiler.simple.filter.type">1</entry>
<entry key="4_profiler.settings.override.jvm.args"/>
<entry key="4_profiler.settings.instrumentation.root.methods.size">0</entry>
<entry key="3_profiler.settings.override">false</entry>
<entry key="3_profiler.settings.instrumentation.filter.selectedprofiler.filter.type">profiler.simple.filter</entry>
<entry key="1_profiler.settings.run.gc.on.get.results.in.memory.profiling">true</entry>
<entry key="1_profiler.settings.threads.monitoring.enabled">false</entry>
<entry key="0_profiler.settings.cpu.sampling.frequency">10</entry>
<entry key="1_profiler.settings.obj.alloc.stack.sampling.depth">0</entry>
<entry key="4_profiler.settings.instrument.method.invoke">true</entry>
<entry key="3_profiler.settings.obj.alloc.stack.sampling.interval">10</entry>
<entry key="2_profiler.settings.cpu.quick.filterprofiler.filter.type">profiler.simple.filter</entry>
<entry key="1_profiler.settings.instrumentation.filter.selectedprofiler.simple.filter.name">Profile only project classes</entry>
<entry key="0_profiler.settings.profile.underlying.framework">false</entry>
<entry key="0_profiler.settings.profilingpoints.enabled">true</entry>
<entry key="2_profiler.settings.thread.cpu.timer.on">true</entry>
<entry key="4_profiler.settings.n.profiled.threads.limit">32</entry>
<entry key="2_profiler.settings.override.working.dir"/>
<entry key="1_profiler.settings.instrumentation.marker.methods.size">0</entry>
<entry key="1_profiler.settings.override">false</entry>
<entry key="4_profiler.settings.profiling.type">4</entry>
<entry key="4_profiler.settings.instrument.empty.methods">false</entry>
<entry key="3_profiler.settings.istrument.getter.setter.methods">false</entry>
<entry key="3_profiler.settings.instrumentation.filter.selectedprofiler.simple.filter.value"/>
<entry key="2_profiler.settings.instrumentation.filter.selectedprofiler.filter.type">profiler.simple.filter</entry>
<entry key="2_profiler.settings.instrument.spawned.threads">false</entry>
<entry key="3_profiler.settings.sort.results.by.thread.cpu.time">false</entry>
<entry key="4_profiler.settings.threads.monitoring.enabled">true</entry>
<entry key="0_profiler.settings.cpu.quick.filterprofiler.simple.filter.value"/>
<entry key="3_profiler.settings.run.gc.on.get.results.in.memory.profiling">true</entry>
<entry key="2_profiler.settings.cpu.exclude.wait.time">true</entry>
<entry key="0_profiler.settings.instrumentation.filter.selectedprofiler.simple.filter.type">0</entry>
<entry key="1_profiler.settings.cpu.quick.filterprofiler.simple.filter.value"/>
<entry key="2_profiler.settings.cpu.quick.filterprofiler.simple.filter.value"/>
<entry key="3_profiler.settings.cpu.quick.filterprofiler.simple.filter.value"/>
<entry key="4_profiler.settings.cpu.quick.filterprofiler.simple.filter.value"/>
<entry key="2_profiler.settings.code.region.cpu.res.buf.size">1000</entry>
<entry key="2_profiler.settings.obj.alloc.stack.sampling.depth">0</entry>
<entry key="2_profiler.settings.instrumentation.marker.methods.size">0</entry>
<entry key="2_profiler.settings.cpu.quick.filterprofiler.simple.filter.name">Quick filter...</entry>
<entry key="4_profiler.settings.instrumentation.filter.selectedprofiler.simple.filter.value"/>
<entry key="4_profiler.settings.thread.cpu.timer.on">false</entry>
<entry key="4_profiler.settings.instrumentation.filter.selectedprofiler.simple.filter.type">0</entry>
<entry key="3_profiler.settings.cpu.quick.filterprofiler.simple.filter.type">1</entry>
<entry key="0_profiler.settings.instrumentation.root.methods.size">0</entry>
<entry key="3_profiler.settings.override.jvm.args"/>
<entry key="3_profiler.settings.override.working.dir"/>
<entry key="1_profiler.settings.instrumentation.filter.selectedprofiler.filter.type">profiler.simple.filter</entry>
<entry key="3_profiler.settings.profilingpoints.enabled">true</entry>
<entry key="0_profiler.settings.cpu.profiling.type">0</entry>
<entry key="1_profiler.settings.istrumentation.root.methods-28">ru.javabegin.training.goldman.score.interfaces.**,,</entry>
<entry key="1_profiler.settings.istrumentation.root.methods-27">ru.javabegin.training.goldman.collections.impl.**,,</entry>
<entry key="1_profiler.settings.istrumentation.root.methods-26">ru.javabegin.training.goldman.validators.**,,</entry>
<entry key="1_profiler.settings.cpu.quick.filterprofiler.filter.type">profiler.simple.filter</entry>
<entry key="4_profiler.settings.obj.alloc.stack.sampling.interval">10</entry>
<entry key="1_profiler.settings.istrumentation.root.methods-25">ru.javabegin.training.goldman.gameobjects.abstracts.**,,</entry>
<entry key="1_profiler.settings.istrumentation.root.methods-24">ru.javabegin.training.goldman.collections.interfaces.**,,</entry>
<entry key="1_profiler.settings.istrumentation.root.methods-23">ru.javabegin.training.goldman.gui.**,,</entry>
<entry key="1_profiler.settings.istrumentation.root.methods-22">ru.javabegin.training.goldman.enums.**,,</entry>
<entry key="1_profiler.settings.istrumentation.root.methods-21">ru.javabegin.training.goldman.movestrategies.interfaces.**,,</entry>
<entry key="0_profiler.settings.instrumentation.filter.selectedprofiler.simple.filter.name"/>
<entry key="1_profiler.settings.istrumentation.root.methods-20">ru.javabegin.training.goldman.gamemap.loader.interfaces.**,,</entry>
<entry key="2_profiler.settings.sort.results.by.thread.cpu.time">false</entry>
<entry key="3_profiler.settings.obj.alloc.stack.sampling.depth">-10</entry>
<entry key="3_profiler.settings.settings.name">Analyze Memory</entry>
<entry key="0_profiler.settings.sampling.interval">10</entry>
<entry key="4_profiler.settigns.ispreset">false</entry>
<entry key="0_profiler.settings.cpu.exclude.wait.time">true</entry>
<entry key="1_profiler.settings.istrumentation.root.methods-19">ru.javabegin.training.goldman.database.**,,</entry>
<entry key="1_profiler.settings.istrumentation.root.methods-18">ru.javabegin.training.goldman.gamemap.loader.abstracts.**,,</entry>
<entry key="4_profiler.settings.profile.underlying.framework">false</entry>
<entry key="1_profiler.settings.istrumentation.root.methods-17">ru.javabegin.training.goldman.sound.interfaces.**,,</entry>
<entry key="1_profiler.settings.istrumentation.root.methods-16">ru.javabegin.training.goldman.gamemap.facades.**,,</entry>
<entry key="1_profiler.settings.istrumentation.root.methods-15">ru.javabegin.training.goldman.gamemap.adapters.**,,</entry>
<entry key="1_profiler.settings.istrumentation.root.methods-14">ru.javabegin.training.goldman.gameobjects.impl.**,,</entry>
<entry key="1_profiler.settings.cpu.profiling.type">1</entry>
<entry key="1_profiler.settings.istrumentation.root.methods-13">ru.javabegin.training.goldman.models.**,,</entry>
<entry key="1_profiler.settings.istrumentation.root.methods-12">ru.javabegin.training.goldman.gamemap.interfaces.**,,</entry>
<entry key="1_profiler.settings.istrumentation.root.methods-11">ru.javabegin.training.goldman.score.impl.**,,</entry>
<entry key="2_profiler.settings.istrument.getter.setter.methods">false</entry>
<entry key="1_profiler.settings.istrumentation.root.methods-10">ru.javabegin.training.goldman.objects.**,,</entry>
<entry key="3_profiler.settings.instrumentation.marker.methods.size">0</entry>
<entry key="4_profiler.settings.instrumentation.filter.selectedprofiler.simple.filter.name"/>
<entry key="3_profiler.settings.cpu.quick.filterprofiler.simple.filter.name">Quick filter...</entry>
<entry key="2_profiler.settigns.ispreset">false</entry>
<entry key="4_profiler.settings.sampling.interval">10</entry>
<entry key="4_profiler.settings.override.working.dir"/>
<entry key="0_profiler.settings.instrumentation.filter.selectedprofiler.filter.type">profiler.simple.filter</entry>
<entry key="4_profiler.settings.instr.scheme">1</entry>
<entry key="1_profiler.settings.code.region.cpu.res.buf.size">1000</entry>
<entry key="1_profiler.settings.instrument.spawned.threads">false</entry>
<entry key="3_profiler.settings.threads.monitoring.enabled">false</entry>
<entry key="3_profiler.settings.instr.scheme">1</entry>
<entry key="4_profiler.settings.cpu.quick.filterprofiler.simple.filter.type">1</entry>
<entry key="4_profiler.settings.obj.alloc.stack.sampling.depth">-10</entry>
<entry key="2_profiler.settings.instr.scheme">1</entry>
<entry key="3_profiler.settings.instrumentation.filter.selectedprofiler.simple.filter.type">0</entry>
<entry key="1_profiler.settings.instrumentation.root.methods.size">29</entry>
<entry key="1_profiler.settings.instr.scheme">1</entry>
<entry key="0_profiler.settings.threads.monitoring.enabled">false</entry>
<entry key="0_profiler.settigns.ispreset">true</entry>
<entry key="0_profiler.settings.instr.scheme">1</entry>
<entry key="2_profiler.settings.override.jvm.args"/>
<entry key="1_profiler.settings.settings.name">Analyze Performance</entry>
<entry key="2_profiler.settings.cpu.profiling.type">1</entry>
<entry key="4_profiler.settings.instrument.spawned.threads">false</entry>
<entry key="0_profiler.settings.obj.alloc.stack.sampling.interval">10</entry>
</properties>
