<?xml version="1.0" encoding="UTF-8"?>
<flow xmlns="http://www.springframework.org/schema/webflow"
      xmlns:xsi="http://www.w3.org/2001/XMLSchema-instance"
      xsi:schemaLocation="http://www.springframework.org/schema/webflow http://www.springframework.org/schema/webflow/spring-webflow-2.0.xsd">

    <view-state id="main">
        <transition on="searchByLetter">
            <evaluate expression="libraryFacade.searchBooksByLetter()" />
        </transition>

        <transition on="searchByGenre">
            <evaluate expression="libraryFacade.searchBooksByGenre()" />
        </transition>

        <transition on="searchByText">
            <evaluate expression="libraryFacade.searchBooksByText()" />
        </transition>

    </view-state>


</flow>