<?xml version="1.0" encoding="UTF-8"?>
<project-private xmlns="http://www.netbeans.org/ns/project-private/1">
    <editor-bookmarks xmlns="http://www.netbeans.org/ns/editor-bookmarks/1"/>
    <open-files xmlns="http://www.netbeans.org/ns/projectui-open-files/1">
        <file>file:/C:/projects/1_OOP/10-OOP_Composition/src/objects/PermanentComputer.java</file>
        <file>file:/C:/projects/1_OOP/10-OOP_Composition/src/objects/Hdd.java</file>
        <file>file:/C:/projects/1_OOP/10-OOP_Composition/src/objects/Ram.java</file>
        <file>file:/C:/projects/1_OOP/10-OOP_Composition/src/objects/CDRom.java</file>
        <file>file:/C:/projects/1_OOP/10-OOP_Composition/src/objects/Camera.java</file>
        <file>file:/C:/projects/1_OOP/10-OOP_Composition/src/objects/RetinaScreen.java</file>
        <file>file:/C:/projects/1_OOP/10-OOP_Composition/src/ipad/IPadComposition.java</file>
        <file>file:/C:/projects/1_OOP/10-OOP_Composition/src/ipad/IPadInheritance.java</file>
        <file>file:/C:/projects/1_OOP/10-OOP_Composition/src/objects/Planshet.java</file>
        <file>file:/C:/projects/1_OOP/10-OOP_Composition/src/objects/Computer.java</file>
        <file>file:/C:/projects/1_OOP/10-OOP_Composition/src/objects/Notebook.java</file>
        <file>file:/C:/projects/1_OOP/10-OOP_Composition/src/main/StartProgram.java</file>
    </open-files>
</project-private>
