<?xml version="1.0" encoding="UTF-8"?>
<project-private xmlns="http://www.netbeans.org/ns/project-private/1">
    <editor-bookmarks xmlns="http://www.netbeans.org/ns/editor-bookmarks/1">
        <file>
            <url>src/javazoom/jlgui/player/amp/PlayerUI.java</url>
            <line>1334</line>
        </file>
    </editor-bookmarks>
    <open-files xmlns="http://www.netbeans.org/ns/projectui-open-files/1">
        <file>file:/C:/projects/2_GUI/8-GUI_jlGUI/src/javazoom/jlgui/player/amp/StandalonePlayer.java</file>
        <file>file:/C:/projects/2_GUI/8-GUI_jlGUI/src/javazoom/jlgui/player/amp/playlist/ui/PlaylistUI.java</file>
    </open-files>
</project-private>
