<?xml version="1.0" encoding="UTF-8"?>
<project-private xmlns="http://www.netbeans.org/ns/project-private/1">
    <editor-bookmarks xmlns="http://www.netbeans.org/ns/editor-bookmarks/1"/>
    <open-files xmlns="http://www.netbeans.org/ns/projectui-open-files/1">
        <file>file:/C:/projects/2_GUI/11,12-GUI_FilesExceptions/src/exceptions/Homework1.java</file>
        <file>file:/C:/projects/2_GUI/11,12-GUI_FilesExceptions/src/exceptions/Homework2.java</file>
        <file>file:/C:/projects/2_GUI/11,12-GUI_FilesExceptions/src/files/Homework3.java</file>
        <file>file:/C:/projects/2_GUI/11,12-GUI_FilesExceptions/src/files/Homework4.java</file>
        <file>file:/C:/projects/2_GUI/11,12-GUI_FilesExceptions/src/files/CustomFileFilter.java</file>
        <file>file:/C:/projects/2_GUI/11,12-GUI_FilesExceptions/src/files/Homework5.java</file>
    </open-files>
</project-private>
