<?xml version="1.0" encoding="UTF-8"?>

<beans:beans xmlns:xsi="http://www.w3.org/2001/XMLSchema-instance"
	xmlns="http://www.springframework.org/schema/webflow-config"
	xmlns:beans="http://www.springframework.org/schema/beans"
	xsi:schemaLocation="http://www.springframework.org/schema/webflow-config http://www.springframework.org/schema/webflow-config/spring-webflow-config-2.4.xsd
		http://www.springframework.org/schema/beans http://www.springframework.org/schema/beans/spring-beans-4.0.xsd">



	<flow-executor id="loginFlowExecutor"
		flow-registry="loginFlowRegistry" />

	<flow-registry id="loginFlowRegistry"
		flow-builder-services="flowBuilder">
		<flow-location id="login"
			path="/WEB-INF/flows/login-flow.xml" />
	</flow-registry>

	<flow-builder-services id="flowBuilder"
		view-factory-creator="flowViewResolver" />
	
	
	
	

	<beans:bean id="flowViewResolver"
		class="org.springframework.webflow.mvc.builder.MvcViewFactoryCreator">
		<beans:property name="viewResolvers">
			<beans:list>
				<beans:ref bean="viewResolver" />
			</beans:list>
		</beans:property>
	</beans:bean>

</beans:beans>