<?xml version="1.0" encoding="UTF-8"?>
<flow xmlns="http://www.springframework.org/schema/webflow"
	xmlns:xsi="http://www.w3.org/2001/XMLSchema-instance"
	xsi:schemaLocation="http://www.springframework.org/schema/webflow
        http://www.springframework.org/schema/webflow/spring-webflow-2.0.xsd"
	start-state="home">


	<view-state id="home" view="home">
		<transition on="mainPage" to="main" />
	</view-state>



	<view-state id="main" view="main">
		<transition on="homePage" to="home" />
		<transition on="cancelPage" to="cancel" />
	</view-state>

	<end-state id="cancel" view="cancel"></end-state>




</flow>